{"x":{"bridgeport":-73.2048348,"milford":-73.0570603,"torrington":-73.1212214,"tolland":-72.3562252,"riverside":-117.3961623,"hampton":-76.2856365,"westport":-73.3578955,"meriden":-72.8070435,"darien":-73.4692873,"middletown":-72.6509061,"naugatuck":-73.0509432,"west hartford":-72.7420399,"montville":-74.383763,"norwalk":-73.4078968,"essex":-74.2479444,"danbury":-73.4540111,"plainville":-72.8672429,"windham":-72.0051201,"glastonbury":-72.608146,"newington":-70.834351,"waterbury":-73.0438362,"groton city":-76.2852096,"manchester":-71.4547891,"new milford":-73.4105803,"branford":-72.8150989,"goshen":-85.834366,"ridgefield":-73.4981792,"groton":-72.0773654,"hartford":-72.6908547,"norwich":-72.0759105,"clinton":-89.420064,"wilton":-73.4378988,"greenwich":-73.6284598,"north haven":-72.859545,"vernon":-94.3800151,"colchester":-72.3320269,"derby":-97.2689331,"new britain":-72.7795419,"killingly":-71.8019505,"hebron":-71.8056359,"newtown":-73.3086445,"new haven":-72.9250518,"haddam":-72.5120333,"windsor locks":-72.6597965,"windsor":-72.5944539,"orange":-117.8704931,"enfield":-88.3375447,"wallingford":-94.792762,"rocky hill":-72.6392587,"seymour":-99.2603073,"east hartford":-72.6204092,"simsbury":-72.8012211,"marlborough":-71.5522874,"farmington":-108.2054451,"new canaan":-73.4948446,"hamden":-72.8968716,"ellington":-72.4698071,"southbury":-73.2131693,"wethersfield":-72.6692476,"fairfield":-82.6418883,"willimantic":-72.2115623,"waterford":-71.9571483,"granby":-105.9394597,"lost acres":-111.6527049,"moosup":-71.8807826,"somers":-73.6856857,"old saybrook":-72.3761956,"willington":-82.4667968,"plymouth":-70.6673851,"watertown":-71.1828321,"east hampton":-72.4919236,"trumbull":-80.7661017,"north stonington":-71.8724231,"ansonia":-73.0787468,"putnam":-89.2676414,"stratford":-73.1331651,"stafford":-98.718816,"lebanon":-76.4626118,"mansfield":-82.5154471,"west haven":-72.9470471,"harwinton":-73.05983,"berlin":-71.185226,"preston":-111.8766173,"avon":-90.4348506,"plainfield":-88.2054345,"north canaan":-69.583323,"terryville":-73.0651072,"brooklyn":-73.9495823,"litchfield":-73.2543049,"deep river":-79.195165,"woodbridge":-77.2497049,"madison":-89.3837613,"cornwall":-73.3292848,"east haven":-72.8684337,"cheshire":-72.2834412,"old greenwich":-73.564846,"westbrook":-70.3711617,"guilford":-79.7888515,"southington":-72.8782941,"andover":-93.2913405,"lisbon":-97.68121,"lyme":-72.156143,"south windsor":-72.5717551,"beacon falls":-73.062608,"brookfield":-88.1064787,"shelton":-73.0931641,"new fairfield":-73.4856789,"cromwell":-94.4619067,"east windsor":-72.6130726,"bloomfield":-92.4149074,"thomaston":-73.073164,"stonington":-71.9059042,"sharon":-80.4934035,"new london":-72.0997804,"chester":-75.7652424,"east lyme":-72.2258709,"middlefield":-72.7120793,"stamford":-73.5387341,"bethel":-161.7558333,"bolton":-71.6078449,"byram":-73.6537385,"ashford":-85.236321,"middlebury":-73.1633011,"taftville":-72.0476252,"bethlehem":-75.3786521,"your city":-84.4991704,"woodbury":-92.9588282,"burlington":-73.2135472,"thompson":-97.109805,"winsted":-73.0717849,"2":-155.4746611,"columbia":-81.0343313,"canton":-95.8640507,"killingworth":-72.5637023,"chaplin":-72.1272989,"new hartford":-75.287933,"salisbury":-80.4742261,"hartland":-88.3420398,"north branford":-72.7673198,"woodstock":-74.118329,"bristol":-71.0856545,"union":-89.2504793,"prospect":-85.615517,"monroe":-90.1792484,"unionville":-93.0032615,"ledyard":-72.0175193,"quaker hill":-75.6927113,"canterbury":-71.565628,"griswold":-71.9622443,"pomfret":-72.515945,"sprague":-81.1839892,"chickahominy":-77.4130375,"bethany":-94.0282861,"old lyme":-72.3289715,"winchester":-78.1652404,"warren":-90.6168408,"coventry":-71.6828444,"easton":-75.2099866,"cos cob":-73.5995698,"`":-100.4458825,"oakville":-90.3045605,"419":-87.6225243,"salem":-123.033121,"scotland":-92.1527305,"106":-85.9209992,"east haddam":-72.4613902,"bozrah":-72.168238,"meride":-89.879909,"bridgewater":-70.9750426,"mystic":-92.944819,"city of groton":-72.0599016,"old g'wch":-91.279346,"wauregan":-71.9095012,"metropolitan distric":-87.851388,"barkhamsted":-72.9139904,"redding":-122.3916754,"wolcott":-76.814958,"washington":-77.0365529,"morris":-94.7392197,"pawcatuck":-71.8347515,"franklin":-95.2255189,"weston":-80.403102,"kent":-81.357886,"oxford":-75.9790215,"east granby":-72.7348082,"central village":-71.0911537,"west simsbury":-72.8581549,"sterling":-101.0452671,"suffield":-72.6506604,"north windham":-70.4383871,"roxbury":-89.6749947,"durham":-78.9018053,"portland":-122.6741949,"tariffville":-84.1785246,"storrs":-72.2495231,"norfolk":-76.2481624,"n\/a":-84.937059,"sherman":-101.8858689,"southport":-86.1156974,"voluntown":-71.8703497,"central villiage":-76.7389784,"colebrook":-71.496277,"eastford":-72.0799095,"e granby":-72.7348082,"orange ct":-73.0321472,"twallingford":-98.5,"sandy hook":-83.1262839,"old mystic":-71.9617401,"canaan":-72.013321,"null":70.3800314,"main st":null,"north elm street":-75.6846247,"harwinton ave":-73.1121618,"water street":-78.138064,"kennedy drive":-71.4407746,"circle drive":-95.237547,"east main street":-87.6173098,"e. elm\/brightwood":-94.11583,"main street\/ east el":-74.611874,"plantsville":-81.8756931,"east main and columb":-79.907364,"john st":-71.3086503,"newfield rd.":-74.36415,"mashantucket":-71.9629089,"residential":-104.6242091,"high street":-73.9913777,"high st":-123.0881613,"s main st":-70.8370692,"business":-77.8654086,"east main street at":-86.0647433,"route 8 exit 44 on r":-85.049225,"east main @ main":-89.8206958,"prospect st.":-111.9374756,"main street":-117.9188495,"torringford west str":-73.091918,"high at turner":null,"park ave":-73.9521749,"winsted rd.":-73.0913885,"winsted rd":-73.0913885,"pemberwick":-73.6606834,"litchfield st":-71.1406603,"new harwinton rd":-73.1090143,"water st.":-78.138064,"albert st":-71.0919676,"stamfor":-101.104204,"east main st":-87.6173098,"east main st.":-87.6173098,"south main st":-70.8370692,"e main":-83.705549,"summer @ prospect":-82.0412577,"oak\/east albert":-93.375203,"wadhams ave.":-73.1198274,"glenville":-73.9282787,"mecriden":-94.966276,"prospect street":-83.7061383,"litchfield street":-71.1406603,"n elm st":-83.982738,"winthrop st at major":-87.687736,"highland ave":-74.243628,"hart":-82.9503277,"milldale":-72.8917685,"south windham":-70.4236631,"152 - name?":-111.4878036,"northfield":-93.161159,"ndarien":-79.723213,"plymouth ct":-78.6009459,"gales ferry":-72.0820131,"e hartford":-72.6204092,"no stonington":-89.1928608,"m":-77.4805404,"so windsor":-91.8862391,"ngtn":-94.907711,"f":-71.190629,"rock":-96.2574328,"northford":-72.7912096,"ddarien":-87.970619,"n mianus":-73.5815136,"new  haven":-72.9250518,"torrington\/wincheste":-73.109849,"bpt":-94.0217808},"y":{"bridgeport":41.1670412,"milford":41.2222218,"torrington":41.8006523,"tolland":41.818446,"riverside":33.9533546,"hampton":37.0520315,"westport":41.1414855,"meriden":41.5381535,"darien":41.0787079,"middletown":41.5623178,"naugatuck":41.4860186,"west hartford":41.7620447,"montville":40.9148209,"norwalk":41.1175966,"essex":40.7913922,"danbury":41.394817,"plainville":41.6711395,"windham":41.8208345,"glastonbury":41.7123218,"newington":43.100482,"waterbury":41.5538091,"groton city":42.6150703,"manchester":42.9956397,"new milford":41.5770993,"branford":41.2795414,"goshen":41.5824086,"ridgefield":41.2814842,"groton":41.3506989,"hartford":41.764582,"norwich":41.5242649,"clinton":38.5896187,"wilton":41.1953739,"greenwich":41.0264862,"north haven":41.3909305,"vernon":37.8639924,"colchester":41.5756543,"derby":37.5455735,"new britain":41.6612104,"killingly":41.856886,"hebron":43.6939614,"newtown":41.4134764,"new haven":41.3082138,"haddam":41.4773213,"windsor locks":41.9229568,"windsor":43.5480465,"orange":33.7500378,"enfield":38.0994913,"wallingford":43.3196816,"rocky hill":41.6648216,"seymour":33.5942438,"east hartford":41.7623342,"simsbury":41.8759152,"marlborough":42.3459271,"farmington":36.7291152,"new canaan":41.146763,"hamden":41.3959287,